input;y
0.3871762753;0.04454874992
0.2603584528;0.2836030126
-2.258685827;0.4710533321
-2.246258736;-0.03439375758
